
===========================================================================
report_checks -path_delay max (Setup)
============================================================================
======================= nom_tt_025C_1v80 Corner ===================================

Startpoint: _091_ (rising edge-triggered flip-flop clocked by clk)
Endpoint: count[1] (output port clocked by clk)
Path Group: clk
Path Type: max

Fanout         Cap        Slew       Delay        Time   Description
---------------------------------------------------------------------------------------------
                                  0.000000    0.000000   clock clk (rise edge)
                                  0.000000    0.000000   clock source latency
     2    0.047111    0.000000    0.000000    0.000000 ^ clk (in)
                                                         clk (net)
                      0.013743    0.006872    0.006872 ^ clkbuf_0_clk/A (sky130_fd_sc_hd__clkbuf_16)
     2    0.022704    0.044198    0.116766    0.123637 ^ clkbuf_0_clk/X (sky130_fd_sc_hd__clkbuf_16)
                                                         clknet_0_clk (net)
                      0.044203    0.000473    0.124110 ^ clkbuf_1_0__f_clk/A (sky130_fd_sc_hd__clkbuf_16)
     8    0.026386    0.047602    0.130881    0.254991 ^ clkbuf_1_0__f_clk/X (sky130_fd_sc_hd__clkbuf_16)
                                                         clknet_1_0__leaf_clk (net)
                      0.047651    0.001323    0.256314 ^ _091_/CLK (sky130_fd_sc_hd__dfxtp_1)
     7    0.022677    0.216910    0.429328    0.685642 ^ _091_/Q (sky130_fd_sc_hd__dfxtp_1)
                                                         net9 (net)
                      0.216910    0.000578    0.686220 ^ output9/A (sky130_fd_sc_hd__buf_1)
     1    0.000799    0.026280    0.097903    0.784123 ^ output9/X (sky130_fd_sc_hd__buf_1)
                                                         count[1] (net)
                      0.026280    0.000009    0.784132 ^ count[1] (out)
                                              0.784132   data arrival time

                                 25.000000   25.000000   clock clk (rise edge)
                                  0.000000   25.000000   clock network delay (propagated)
                                 -0.250000   24.750000   clock uncertainty
                                  0.000000   24.750000   clock reconvergence pessimism
                                 -2.000000   22.750000   output external delay
                                             22.750000   data required time
---------------------------------------------------------------------------------------------
                                             22.750000   data required time
                                             -0.784132   data arrival time
---------------------------------------------------------------------------------------------
                                             21.965868   slack (MET)


Startpoint: _102_ (rising edge-triggered flip-flop clocked by clk)
Endpoint: count[12] (output port clocked by clk)
Path Group: clk
Path Type: max

Fanout         Cap        Slew       Delay        Time   Description
---------------------------------------------------------------------------------------------
                                  0.000000    0.000000   clock clk (rise edge)
                                  0.000000    0.000000   clock source latency
     2    0.047111    0.000000    0.000000    0.000000 ^ clk (in)
                                                         clk (net)
                      0.013743    0.006872    0.006872 ^ clkbuf_0_clk/A (sky130_fd_sc_hd__clkbuf_16)
     2    0.022704    0.044198    0.116766    0.123637 ^ clkbuf_0_clk/X (sky130_fd_sc_hd__clkbuf_16)
                                                         clknet_0_clk (net)
                      0.044208    0.000610    0.124247 ^ clkbuf_1_1__f_clk/A (sky130_fd_sc_hd__clkbuf_16)
     8    0.029251    0.050374    0.133532    0.257779 ^ clkbuf_1_1__f_clk/X (sky130_fd_sc_hd__clkbuf_16)
                                                         clknet_1_1__leaf_clk (net)
                      0.050376    0.000601    0.258380 ^ _102_/CLK (sky130_fd_sc_hd__dfxtp_1)
     6    0.017256    0.168088    0.395522    0.653902 ^ _102_/Q (sky130_fd_sc_hd__dfxtp_1)
                                                         net5 (net)
                      0.168088    0.000535    0.654437 ^ output5/A (sky130_fd_sc_hd__buf_1)
     1    0.000824    0.025571    0.091271    0.745708 ^ output5/X (sky130_fd_sc_hd__buf_1)
                                                         count[12] (net)
                      0.025571    0.000009    0.745717 ^ count[12] (out)
                                              0.745717   data arrival time

                                 25.000000   25.000000   clock clk (rise edge)
                                  0.000000   25.000000   clock network delay (propagated)
                                 -0.250000   24.750000   clock uncertainty
                                  0.000000   24.750000   clock reconvergence pessimism
                                 -2.000000   22.750000   output external delay
                                             22.750000   data required time
---------------------------------------------------------------------------------------------
                                             22.750000   data required time
                                             -0.745717   data arrival time
---------------------------------------------------------------------------------------------
                                             22.004284   slack (MET)


Startpoint: _103_ (rising edge-triggered flip-flop clocked by clk)
Endpoint: count[13] (output port clocked by clk)
Path Group: clk
Path Type: max

Fanout         Cap        Slew       Delay        Time   Description
---------------------------------------------------------------------------------------------
                                  0.000000    0.000000   clock clk (rise edge)
                                  0.000000    0.000000   clock source latency
     2    0.047111    0.000000    0.000000    0.000000 ^ clk (in)
                                                         clk (net)
                      0.013743    0.006872    0.006872 ^ clkbuf_0_clk/A (sky130_fd_sc_hd__clkbuf_16)
     2    0.022704    0.044198    0.116766    0.123637 ^ clkbuf_0_clk/X (sky130_fd_sc_hd__clkbuf_16)
                                                         clknet_0_clk (net)
                      0.044208    0.000610    0.124247 ^ clkbuf_1_1__f_clk/A (sky130_fd_sc_hd__clkbuf_16)
     8    0.029251    0.050374    0.133532    0.257779 ^ clkbuf_1_1__f_clk/X (sky130_fd_sc_hd__clkbuf_16)
                                                         clknet_1_1__leaf_clk (net)
                      0.050378    0.000888    0.258667 ^ _103_/CLK (sky130_fd_sc_hd__dfxtp_1)
     4    0.015235    0.149939    0.382358    0.641026 ^ _103_/Q (sky130_fd_sc_hd__dfxtp_1)
                                                         net6 (net)
                      0.149939    0.000494    0.641520 ^ output6/A (sky130_fd_sc_hd__buf_1)
     1    0.001044    0.027376    0.090735    0.732255 ^ output6/X (sky130_fd_sc_hd__buf_1)
                                                         count[13] (net)
                      0.027376    0.000013    0.732267 ^ count[13] (out)
                                              0.732267   data arrival time

                                 25.000000   25.000000   clock clk (rise edge)
                                  0.000000   25.000000   clock network delay (propagated)
                                 -0.250000   24.750000   clock uncertainty
                                  0.000000   24.750000   clock reconvergence pessimism
                                 -2.000000   22.750000   output external delay
                                             22.750000   data required time
---------------------------------------------------------------------------------------------
                                             22.750000   data required time
                                             -0.732267   data arrival time
---------------------------------------------------------------------------------------------
                                             22.017733   slack (MET)


Startpoint: _101_ (rising edge-triggered flip-flop clocked by clk)
Endpoint: count[11] (output port clocked by clk)
Path Group: clk
Path Type: max

Fanout         Cap        Slew       Delay        Time   Description
---------------------------------------------------------------------------------------------
                                  0.000000    0.000000   clock clk (rise edge)
                                  0.000000    0.000000   clock source latency
     2    0.047111    0.000000    0.000000    0.000000 ^ clk (in)
                                                         clk (net)
                      0.013743    0.006872    0.006872 ^ clkbuf_0_clk/A (sky130_fd_sc_hd__clkbuf_16)
     2    0.022704    0.044198    0.116766    0.123637 ^ clkbuf_0_clk/X (sky130_fd_sc_hd__clkbuf_16)
                                                         clknet_0_clk (net)
                      0.044208    0.000610    0.124247 ^ clkbuf_1_1__f_clk/A (sky130_fd_sc_hd__clkbuf_16)
     8    0.029251    0.050374    0.133532    0.257779 ^ clkbuf_1_1__f_clk/X (sky130_fd_sc_hd__clkbuf_16)
                                                         clknet_1_1__leaf_clk (net)
                      0.050375    0.000420    0.258199 ^ _101_/CLK (sky130_fd_sc_hd__dfxtp_2)
     9    0.025199    0.133268    0.386797    0.644996 ^ _101_/Q (sky130_fd_sc_hd__dfxtp_2)
                                                         net4 (net)
                      0.133268    0.000337    0.645333 ^ output4/A (sky130_fd_sc_hd__buf_1)
     1    0.000797    0.024633    0.086129    0.731461 ^ output4/X (sky130_fd_sc_hd__buf_1)
                                                         count[11] (net)
                      0.024633    0.000008    0.731470 ^ count[11] (out)
                                              0.731470   data arrival time

                                 25.000000   25.000000   clock clk (rise edge)
                                  0.000000   25.000000   clock network delay (propagated)
                                 -0.250000   24.750000   clock uncertainty
                                  0.000000   24.750000   clock reconvergence pessimism
                                 -2.000000   22.750000   output external delay
                                             22.750000   data required time
---------------------------------------------------------------------------------------------
                                             22.750000   data required time
                                             -0.731470   data arrival time
---------------------------------------------------------------------------------------------
                                             22.018530   slack (MET)


Startpoint: _094_ (rising edge-triggered flip-flop clocked by clk)
Endpoint: count[4] (output port clocked by clk)
Path Group: clk
Path Type: max

Fanout         Cap        Slew       Delay        Time   Description
---------------------------------------------------------------------------------------------
                                  0.000000    0.000000   clock clk (rise edge)
                                  0.000000    0.000000   clock source latency
     2    0.047111    0.000000    0.000000    0.000000 ^ clk (in)
                                                         clk (net)
                      0.013743    0.006872    0.006872 ^ clkbuf_0_clk/A (sky130_fd_sc_hd__clkbuf_16)
     2    0.022704    0.044198    0.116766    0.123637 ^ clkbuf_0_clk/X (sky130_fd_sc_hd__clkbuf_16)
                                                         clknet_0_clk (net)
                      0.044203    0.000473    0.124110 ^ clkbuf_1_0__f_clk/A (sky130_fd_sc_hd__clkbuf_16)
     8    0.026386    0.047602    0.130881    0.254991 ^ clkbuf_1_0__f_clk/X (sky130_fd_sc_hd__clkbuf_16)
                                                         clknet_1_0__leaf_clk (net)
                      0.047628    0.001004    0.255996 ^ _094_/CLK (sky130_fd_sc_hd__dfxtp_1)
     5    0.015452    0.151827    0.382982    0.638978 ^ _094_/Q (sky130_fd_sc_hd__dfxtp_1)
                                                         net12 (net)
                      0.151827    0.000315    0.639293 ^ output12/A (sky130_fd_sc_hd__buf_1)
     1    0.000866    0.025668    0.089369    0.728662 ^ output12/X (sky130_fd_sc_hd__buf_1)
                                                         count[4] (net)
                      0.025668    0.000009    0.728671 ^ count[4] (out)
                                              0.728671   data arrival time

                                 25.000000   25.000000   clock clk (rise edge)
                                  0.000000   25.000000   clock network delay (propagated)
                                 -0.250000   24.750000   clock uncertainty
                                  0.000000   24.750000   clock reconvergence pessimism
                                 -2.000000   22.750000   output external delay
                                             22.750000   data required time
---------------------------------------------------------------------------------------------
                                             22.750000   data required time
                                             -0.728671   data arrival time
---------------------------------------------------------------------------------------------
                                             22.021330   slack (MET)


Startpoint: _090_ (rising edge-triggered flip-flop clocked by clk)
Endpoint: count[0] (output port clocked by clk)
Path Group: clk
Path Type: max

Fanout         Cap        Slew       Delay        Time   Description
---------------------------------------------------------------------------------------------
                                  0.000000    0.000000   clock clk (rise edge)
                                  0.000000    0.000000   clock source latency
     2    0.047111    0.000000    0.000000    0.000000 ^ clk (in)
                                                         clk (net)
                      0.013743    0.006872    0.006872 ^ clkbuf_0_clk/A (sky130_fd_sc_hd__clkbuf_16)
     2    0.022704    0.044198    0.116766    0.123637 ^ clkbuf_0_clk/X (sky130_fd_sc_hd__clkbuf_16)
                                                         clknet_0_clk (net)
                      0.044203    0.000473    0.124110 ^ clkbuf_1_0__f_clk/A (sky130_fd_sc_hd__clkbuf_16)
     8    0.026386    0.047602    0.130881    0.254991 ^ clkbuf_1_0__f_clk/X (sky130_fd_sc_hd__clkbuf_16)
                                                         clknet_1_0__leaf_clk (net)
                      0.047642    0.001210    0.256201 ^ _090_/CLK (sky130_fd_sc_hd__dfxtp_2)
     7    0.024717    0.131033    0.383926    0.640127 ^ _090_/Q (sky130_fd_sc_hd__dfxtp_2)
                                                         net2 (net)
                      0.131042    0.001157    0.641284 ^ output2/A (sky130_fd_sc_hd__buf_1)
     1    0.000797    0.024590    0.085816    0.727099 ^ output2/X (sky130_fd_sc_hd__buf_1)
                                                         count[0] (net)
                      0.024590    0.000008    0.727108 ^ count[0] (out)
                                              0.727108   data arrival time

                                 25.000000   25.000000   clock clk (rise edge)
                                  0.000000   25.000000   clock network delay (propagated)
                                 -0.250000   24.750000   clock uncertainty
                                  0.000000   24.750000   clock reconvergence pessimism
                                 -2.000000   22.750000   output external delay
                                             22.750000   data required time
---------------------------------------------------------------------------------------------
                                             22.750000   data required time
                                             -0.727108   data arrival time
---------------------------------------------------------------------------------------------
                                             22.022892   slack (MET)


Startpoint: _092_ (rising edge-triggered flip-flop clocked by clk)
Endpoint: count[2] (output port clocked by clk)
Path Group: clk
Path Type: max

Fanout         Cap        Slew       Delay        Time   Description
---------------------------------------------------------------------------------------------
                                  0.000000    0.000000   clock clk (rise edge)
                                  0.000000    0.000000   clock source latency
     2    0.047111    0.000000    0.000000    0.000000 ^ clk (in)
                                                         clk (net)
                      0.013743    0.006872    0.006872 ^ clkbuf_0_clk/A (sky130_fd_sc_hd__clkbuf_16)
     2    0.022704    0.044198    0.116766    0.123637 ^ clkbuf_0_clk/X (sky130_fd_sc_hd__clkbuf_16)
                                                         clknet_0_clk (net)
                      0.044203    0.000473    0.124110 ^ clkbuf_1_0__f_clk/A (sky130_fd_sc_hd__clkbuf_16)
     8    0.026386    0.047602    0.130881    0.254991 ^ clkbuf_1_0__f_clk/X (sky130_fd_sc_hd__clkbuf_16)
                                                         clknet_1_0__leaf_clk (net)
                      0.047648    0.001280    0.256271 ^ _092_/CLK (sky130_fd_sc_hd__dfxtp_1)
     5    0.014375    0.142121    0.376115    0.632386 ^ _092_/Q (sky130_fd_sc_hd__dfxtp_1)
                                                         net10 (net)
                      0.142121    0.000299    0.632685 ^ output10/A (sky130_fd_sc_hd__buf_1)
     1    0.000797    0.024805    0.087373    0.720058 ^ output10/X (sky130_fd_sc_hd__buf_1)
                                                         count[2] (net)
                      0.024805    0.000008    0.720066 ^ count[2] (out)
                                              0.720066   data arrival time

                                 25.000000   25.000000   clock clk (rise edge)
                                  0.000000   25.000000   clock network delay (propagated)
                                 -0.250000   24.750000   clock uncertainty
                                  0.000000   24.750000   clock reconvergence pessimism
                                 -2.000000   22.750000   output external delay
                                             22.750000   data required time
---------------------------------------------------------------------------------------------
                                             22.750000   data required time
                                             -0.720066   data arrival time
---------------------------------------------------------------------------------------------
                                             22.029934   slack (MET)


Startpoint: _105_ (rising edge-triggered flip-flop clocked by clk)
Endpoint: count[15] (output port clocked by clk)
Path Group: clk
Path Type: max

Fanout         Cap        Slew       Delay        Time   Description
---------------------------------------------------------------------------------------------
                                  0.000000    0.000000   clock clk (rise edge)
                                  0.000000    0.000000   clock source latency
     2    0.047111    0.000000    0.000000    0.000000 ^ clk (in)
                                                         clk (net)
                      0.013743    0.006872    0.006872 ^ clkbuf_0_clk/A (sky130_fd_sc_hd__clkbuf_16)
     2    0.022704    0.044198    0.116766    0.123637 ^ clkbuf_0_clk/X (sky130_fd_sc_hd__clkbuf_16)
                                                         clknet_0_clk (net)
                      0.044208    0.000610    0.124247 ^ clkbuf_1_1__f_clk/A (sky130_fd_sc_hd__clkbuf_16)
     8    0.029251    0.050374    0.133532    0.257779 ^ clkbuf_1_1__f_clk/X (sky130_fd_sc_hd__clkbuf_16)
                                                         clknet_1_1__leaf_clk (net)
                      0.050379    0.000908    0.258687 ^ _105_/CLK (sky130_fd_sc_hd__dfxtp_1)
     3    0.013162    0.131231    0.369286    0.627973 ^ _105_/Q (sky130_fd_sc_hd__dfxtp_1)
                                                         net8 (net)
                      0.131231    0.000375    0.628347 ^ output8/A (sky130_fd_sc_hd__buf_1)
     1    0.000811    0.024733    0.085970    0.714317 ^ output8/X (sky130_fd_sc_hd__buf_1)
                                                         count[15] (net)
                      0.024733    0.000009    0.714326 ^ count[15] (out)
                                              0.714326   data arrival time

                                 25.000000   25.000000   clock clk (rise edge)
                                  0.000000   25.000000   clock network delay (propagated)
                                 -0.250000   24.750000   clock uncertainty
                                  0.000000   24.750000   clock reconvergence pessimism
                                 -2.000000   22.750000   output external delay
                                             22.750000   data required time
---------------------------------------------------------------------------------------------
                                             22.750000   data required time
                                             -0.714326   data arrival time
---------------------------------------------------------------------------------------------
                                             22.035673   slack (MET)


Startpoint: _098_ (rising edge-triggered flip-flop clocked by clk)
Endpoint: count[8] (output port clocked by clk)
Path Group: clk
Path Type: max

Fanout         Cap        Slew       Delay        Time   Description
---------------------------------------------------------------------------------------------
                                  0.000000    0.000000   clock clk (rise edge)
                                  0.000000    0.000000   clock source latency
     2    0.047111    0.000000    0.000000    0.000000 ^ clk (in)
                                                         clk (net)
                      0.013743    0.006872    0.006872 ^ clkbuf_0_clk/A (sky130_fd_sc_hd__clkbuf_16)
     2    0.022704    0.044198    0.116766    0.123637 ^ clkbuf_0_clk/X (sky130_fd_sc_hd__clkbuf_16)
                                                         clknet_0_clk (net)
                      0.044208    0.000610    0.124247 ^ clkbuf_1_1__f_clk/A (sky130_fd_sc_hd__clkbuf_16)
     8    0.029251    0.050374    0.133532    0.257779 ^ clkbuf_1_1__f_clk/X (sky130_fd_sc_hd__clkbuf_16)
                                                         clknet_1_1__leaf_clk (net)
                      0.050376    0.000571    0.258350 ^ _098_/CLK (sky130_fd_sc_hd__dfxtp_1)
     5    0.012527    0.125508    0.365266    0.623616 ^ _098_/Q (sky130_fd_sc_hd__dfxtp_1)
                                                         net16 (net)
                      0.125508    0.000198    0.623814 ^ output16/A (sky130_fd_sc_hd__buf_1)
     1    0.000797    0.024482    0.085038    0.708853 ^ output16/X (sky130_fd_sc_hd__buf_1)
                                                         count[8] (net)
                      0.024482    0.000008    0.708861 ^ count[8] (out)
                                              0.708861   data arrival time

                                 25.000000   25.000000   clock clk (rise edge)
                                  0.000000   25.000000   clock network delay (propagated)
                                 -0.250000   24.750000   clock uncertainty
                                  0.000000   24.750000   clock reconvergence pessimism
                                 -2.000000   22.750000   output external delay
                                             22.750000   data required time
---------------------------------------------------------------------------------------------
                                             22.750000   data required time
                                             -0.708861   data arrival time
---------------------------------------------------------------------------------------------
                                             22.041140   slack (MET)


Startpoint: _104_ (rising edge-triggered flip-flop clocked by clk)
Endpoint: count[14] (output port clocked by clk)
Path Group: clk
Path Type: max

Fanout         Cap        Slew       Delay        Time   Description
---------------------------------------------------------------------------------------------
                                  0.000000    0.000000   clock clk (rise edge)
                                  0.000000    0.000000   clock source latency
     2    0.047111    0.000000    0.000000    0.000000 ^ clk (in)
                                                         clk (net)
                      0.013743    0.006872    0.006872 ^ clkbuf_0_clk/A (sky130_fd_sc_hd__clkbuf_16)
     2    0.022704    0.044198    0.116766    0.123637 ^ clkbuf_0_clk/X (sky130_fd_sc_hd__clkbuf_16)
                                                         clknet_0_clk (net)
                      0.044208    0.000610    0.124247 ^ clkbuf_1_1__f_clk/A (sky130_fd_sc_hd__clkbuf_16)
     8    0.029251    0.050374    0.133532    0.257779 ^ clkbuf_1_1__f_clk/X (sky130_fd_sc_hd__clkbuf_16)
                                                         clknet_1_1__leaf_clk (net)
                      0.050379    0.000903    0.258682 ^ _104_/CLK (sky130_fd_sc_hd__dfxtp_1)
     3    0.011421    0.115578    0.358186    0.616868 ^ _104_/Q (sky130_fd_sc_hd__dfxtp_1)
                                                         net7 (net)
                      0.115578    0.000207    0.617075 ^ output7/A (sky130_fd_sc_hd__buf_1)
     1    0.000811    0.024431    0.082967    0.700042 ^ output7/X (sky130_fd_sc_hd__buf_1)
                                                         count[14] (net)
                      0.024431    0.000009    0.700051 ^ count[14] (out)
                                              0.700051   data arrival time

                                 25.000000   25.000000   clock clk (rise edge)
                                  0.000000   25.000000   clock network delay (propagated)
                                 -0.250000   24.750000   clock uncertainty
                                  0.000000   24.750000   clock reconvergence pessimism
                                 -2.000000   22.750000   output external delay
                                             22.750000   data required time
---------------------------------------------------------------------------------------------
                                             22.750000   data required time
                                             -0.700051   data arrival time
---------------------------------------------------------------------------------------------
                                             22.049948   slack (MET)


Startpoint: _096_ (rising edge-triggered flip-flop clocked by clk)
Endpoint: count[6] (output port clocked by clk)
Path Group: clk
Path Type: max

Fanout         Cap        Slew       Delay        Time   Description
---------------------------------------------------------------------------------------------
                                  0.000000    0.000000   clock clk (rise edge)
                                  0.000000    0.000000   clock source latency
     2    0.047111    0.000000    0.000000    0.000000 ^ clk (in)
                                                         clk (net)
                      0.013743    0.006872    0.006872 ^ clkbuf_0_clk/A (sky130_fd_sc_hd__clkbuf_16)
     2    0.022704    0.044198    0.116766    0.123637 ^ clkbuf_0_clk/X (sky130_fd_sc_hd__clkbuf_16)
                                                         clknet_0_clk (net)
                      0.044203    0.000473    0.124110 ^ clkbuf_1_0__f_clk/A (sky130_fd_sc_hd__clkbuf_16)
     8    0.026386    0.047602    0.130881    0.254991 ^ clkbuf_1_0__f_clk/X (sky130_fd_sc_hd__clkbuf_16)
                                                         clknet_1_0__leaf_clk (net)
                      0.047609    0.000604    0.255595 ^ _096_/CLK (sky130_fd_sc_hd__dfxtp_1)
     4    0.011095    0.112671    0.354959    0.610555 ^ _096_/Q (sky130_fd_sc_hd__dfxtp_1)
                                                         net14 (net)
                      0.112671    0.000383    0.610938 ^ output14/A (sky130_fd_sc_hd__buf_1)
     1    0.001004    0.026306    0.083958    0.694896 ^ output14/X (sky130_fd_sc_hd__buf_1)
                                                         count[6] (net)
                      0.026306    0.000011    0.694907 ^ count[6] (out)
                                              0.694907   data arrival time

                                 25.000000   25.000000   clock clk (rise edge)
                                  0.000000   25.000000   clock network delay (propagated)
                                 -0.250000   24.750000   clock uncertainty
                                  0.000000   24.750000   clock reconvergence pessimism
                                 -2.000000   22.750000   output external delay
                                             22.750000   data required time
---------------------------------------------------------------------------------------------
                                             22.750000   data required time
                                             -0.694907   data arrival time
---------------------------------------------------------------------------------------------
                                             22.055092   slack (MET)


Startpoint: _099_ (rising edge-triggered flip-flop clocked by clk)
Endpoint: count[9] (output port clocked by clk)
Path Group: clk
Path Type: max

Fanout         Cap        Slew       Delay        Time   Description
---------------------------------------------------------------------------------------------
                                  0.000000    0.000000   clock clk (rise edge)
                                  0.000000    0.000000   clock source latency
     2    0.047111    0.000000    0.000000    0.000000 ^ clk (in)
                                                         clk (net)
                      0.013743    0.006872    0.006872 ^ clkbuf_0_clk/A (sky130_fd_sc_hd__clkbuf_16)
     2    0.022704    0.044198    0.116766    0.123637 ^ clkbuf_0_clk/X (sky130_fd_sc_hd__clkbuf_16)
                                                         clknet_0_clk (net)
                      0.044208    0.000610    0.124247 ^ clkbuf_1_1__f_clk/A (sky130_fd_sc_hd__clkbuf_16)
     8    0.029251    0.050374    0.133532    0.257779 ^ clkbuf_1_1__f_clk/X (sky130_fd_sc_hd__clkbuf_16)
                                                         clknet_1_1__leaf_clk (net)
                      0.050376    0.000594    0.258373 ^ _099_/CLK (sky130_fd_sc_hd__dfxtp_1)
     4    0.009498    0.098334    0.345816    0.604189 ^ _099_/Q (sky130_fd_sc_hd__dfxtp_1)
                                                         net17 (net)
                      0.098334    0.000225    0.604414 ^ output17/A (sky130_fd_sc_hd__buf_1)
     1    0.000797    0.023960    0.078411    0.682825 ^ output17/X (sky130_fd_sc_hd__buf_1)
                                                         count[9] (net)
                      0.023960    0.000008    0.682834 ^ count[9] (out)
                                              0.682834   data arrival time

                                 25.000000   25.000000   clock clk (rise edge)
                                  0.000000   25.000000   clock network delay (propagated)
                                 -0.250000   24.750000   clock uncertainty
                                  0.000000   24.750000   clock reconvergence pessimism
                                 -2.000000   22.750000   output external delay
                                             22.750000   data required time
---------------------------------------------------------------------------------------------
                                             22.750000   data required time
                                             -0.682834   data arrival time
---------------------------------------------------------------------------------------------
                                             22.067167   slack (MET)


Startpoint: _100_ (rising edge-triggered flip-flop clocked by clk)
Endpoint: count[10] (output port clocked by clk)
Path Group: clk
Path Type: max

Fanout         Cap        Slew       Delay        Time   Description
---------------------------------------------------------------------------------------------
                                  0.000000    0.000000   clock clk (rise edge)
                                  0.000000    0.000000   clock source latency
     2    0.047111    0.000000    0.000000    0.000000 ^ clk (in)
                                                         clk (net)
                      0.013743    0.006872    0.006872 ^ clkbuf_0_clk/A (sky130_fd_sc_hd__clkbuf_16)
     2    0.022704    0.044198    0.116766    0.123637 ^ clkbuf_0_clk/X (sky130_fd_sc_hd__clkbuf_16)
                                                         clknet_0_clk (net)
                      0.044208    0.000610    0.124247 ^ clkbuf_1_1__f_clk/A (sky130_fd_sc_hd__clkbuf_16)
     8    0.029251    0.050374    0.133532    0.257779 ^ clkbuf_1_1__f_clk/X (sky130_fd_sc_hd__clkbuf_16)
                                                         clknet_1_1__leaf_clk (net)
                      0.050375    0.000439    0.258218 ^ _100_/CLK (sky130_fd_sc_hd__dfxtp_1)
     3    0.008186    0.086940    0.337295    0.595513 ^ _100_/Q (sky130_fd_sc_hd__dfxtp_1)
                                                         net3 (net)
                      0.086940    0.000151    0.595664 ^ output3/A (sky130_fd_sc_hd__buf_1)
     1    0.000819    0.023965    0.075680    0.671344 ^ output3/X (sky130_fd_sc_hd__buf_1)
                                                         count[10] (net)
                      0.023965    0.000009    0.671353 ^ count[10] (out)
                                              0.671353   data arrival time

                                 25.000000   25.000000   clock clk (rise edge)
                                  0.000000   25.000000   clock network delay (propagated)
                                 -0.250000   24.750000   clock uncertainty
                                  0.000000   24.750000   clock reconvergence pessimism
                                 -2.000000   22.750000   output external delay
                                             22.750000   data required time
---------------------------------------------------------------------------------------------
                                             22.750000   data required time
                                             -0.671353   data arrival time
---------------------------------------------------------------------------------------------
                                             22.078648   slack (MET)


Startpoint: _097_ (rising edge-triggered flip-flop clocked by clk)
Endpoint: count[7] (output port clocked by clk)
Path Group: clk
Path Type: max

Fanout         Cap        Slew       Delay        Time   Description
---------------------------------------------------------------------------------------------
                                  0.000000    0.000000   clock clk (rise edge)
                                  0.000000    0.000000   clock source latency
     2    0.047111    0.000000    0.000000    0.000000 ^ clk (in)
                                                         clk (net)
                      0.013743    0.006872    0.006872 ^ clkbuf_0_clk/A (sky130_fd_sc_hd__clkbuf_16)
     2    0.022704    0.044198    0.116766    0.123637 ^ clkbuf_0_clk/X (sky130_fd_sc_hd__clkbuf_16)
                                                         clknet_0_clk (net)
                      0.044203    0.000473    0.124110 ^ clkbuf_1_0__f_clk/A (sky130_fd_sc_hd__clkbuf_16)
     8    0.026386    0.047602    0.130881    0.254991 ^ clkbuf_1_0__f_clk/X (sky130_fd_sc_hd__clkbuf_16)
                                                         clknet_1_0__leaf_clk (net)
                      0.047610    0.000652    0.255643 ^ _097_/CLK (sky130_fd_sc_hd__dfxtp_1)
     3    0.008477    0.089431    0.338177    0.593820 ^ _097_/Q (sky130_fd_sc_hd__dfxtp_1)
                                                         net15 (net)
                      0.089431    0.000168    0.593988 ^ output15/A (sky130_fd_sc_hd__buf_1)
     1    0.000797    0.023789    0.076124    0.670112 ^ output15/X (sky130_fd_sc_hd__buf_1)
                                                         count[7] (net)
                      0.023789    0.000008    0.670120 ^ count[7] (out)
                                              0.670120   data arrival time

                                 25.000000   25.000000   clock clk (rise edge)
                                  0.000000   25.000000   clock network delay (propagated)
                                 -0.250000   24.750000   clock uncertainty
                                  0.000000   24.750000   clock reconvergence pessimism
                                 -2.000000   22.750000   output external delay
                                             22.750000   data required time
---------------------------------------------------------------------------------------------
                                             22.750000   data required time
                                             -0.670120   data arrival time
---------------------------------------------------------------------------------------------
                                             22.079880   slack (MET)


Startpoint: _095_ (rising edge-triggered flip-flop clocked by clk)
Endpoint: count[5] (output port clocked by clk)
Path Group: clk
Path Type: max

Fanout         Cap        Slew       Delay        Time   Description
---------------------------------------------------------------------------------------------
                                  0.000000    0.000000   clock clk (rise edge)
                                  0.000000    0.000000   clock source latency
     2    0.047111    0.000000    0.000000    0.000000 ^ clk (in)
                                                         clk (net)
                      0.013743    0.006872    0.006872 ^ clkbuf_0_clk/A (sky130_fd_sc_hd__clkbuf_16)
     2    0.022704    0.044198    0.116766    0.123637 ^ clkbuf_0_clk/X (sky130_fd_sc_hd__clkbuf_16)
                                                         clknet_0_clk (net)
                      0.044203    0.000473    0.124110 ^ clkbuf_1_0__f_clk/A (sky130_fd_sc_hd__clkbuf_16)
     8    0.026386    0.047602    0.130881    0.254991 ^ clkbuf_1_0__f_clk/X (sky130_fd_sc_hd__clkbuf_16)
                                                         clknet_1_0__leaf_clk (net)
                      0.047611    0.000676    0.255668 ^ _095_/CLK (sky130_fd_sc_hd__dfxtp_1)
     3    0.007970    0.085091    0.334817    0.590484 ^ _095_/Q (sky130_fd_sc_hd__dfxtp_1)
                                                         net13 (net)
                      0.085091    0.000200    0.590684 ^ output13/A (sky130_fd_sc_hd__buf_1)
     1    0.000935    0.025103    0.076234    0.666918 ^ output13/X (sky130_fd_sc_hd__buf_1)
                                                         count[5] (net)
                      0.025103    0.000010    0.666929 ^ count[5] (out)
                                              0.666929   data arrival time

                                 25.000000   25.000000   clock clk (rise edge)
                                  0.000000   25.000000   clock network delay (propagated)
                                 -0.250000   24.750000   clock uncertainty
                                  0.000000   24.750000   clock reconvergence pessimism
                                 -2.000000   22.750000   output external delay
                                             22.750000   data required time
---------------------------------------------------------------------------------------------
                                             22.750000   data required time
                                             -0.666929   data arrival time
---------------------------------------------------------------------------------------------
                                             22.083073   slack (MET)


Startpoint: _093_ (rising edge-triggered flip-flop clocked by clk)
Endpoint: count[3] (output port clocked by clk)
Path Group: clk
Path Type: max

Fanout         Cap        Slew       Delay        Time   Description
---------------------------------------------------------------------------------------------
                                  0.000000    0.000000   clock clk (rise edge)
                                  0.000000    0.000000   clock source latency
     2    0.047111    0.000000    0.000000    0.000000 ^ clk (in)
                                                         clk (net)
                      0.013743    0.006872    0.006872 ^ clkbuf_0_clk/A (sky130_fd_sc_hd__clkbuf_16)
     2    0.022704    0.044198    0.116766    0.123637 ^ clkbuf_0_clk/X (sky130_fd_sc_hd__clkbuf_16)
                                                         clknet_0_clk (net)
                      0.044203    0.000473    0.124110 ^ clkbuf_1_0__f_clk/A (sky130_fd_sc_hd__clkbuf_16)
     8    0.026386    0.047602    0.130881    0.254991 ^ clkbuf_1_0__f_clk/X (sky130_fd_sc_hd__clkbuf_16)
                                                         clknet_1_0__leaf_clk (net)
                      0.047632    0.001068    0.256059 ^ _093_/CLK (sky130_fd_sc_hd__dfxtp_1)
     3    0.007869    0.084200    0.334193    0.590252 ^ _093_/Q (sky130_fd_sc_hd__dfxtp_1)
                                                         net11 (net)
                      0.084200    0.000126    0.590378 ^ output11/A (sky130_fd_sc_hd__buf_1)
     1    0.000797    0.023689    0.074780    0.665159 ^ output11/X (sky130_fd_sc_hd__buf_1)
                                                         count[3] (net)
                      0.023689    0.000008    0.665167 ^ count[3] (out)
                                              0.665167   data arrival time

                                 25.000000   25.000000   clock clk (rise edge)
                                  0.000000   25.000000   clock network delay (propagated)
                                 -0.250000   24.750000   clock uncertainty
                                  0.000000   24.750000   clock reconvergence pessimism
                                 -2.000000   22.750000   output external delay
                                             22.750000   data required time
---------------------------------------------------------------------------------------------
                                             22.750000   data required time
                                             -0.665167   data arrival time
---------------------------------------------------------------------------------------------
                                             22.084833   slack (MET)


Startpoint: _091_ (rising edge-triggered flip-flop clocked by clk)
Endpoint: _103_ (rising edge-triggered flip-flop clocked by clk)
Path Group: clk
Path Type: max

Fanout         Cap        Slew       Delay        Time   Description
---------------------------------------------------------------------------------------------
                                  0.000000    0.000000   clock clk (rise edge)
                                  0.000000    0.000000   clock source latency
     2    0.047111    0.000000    0.000000    0.000000 ^ clk (in)
                                                         clk (net)
                      0.013743    0.006872    0.006872 ^ clkbuf_0_clk/A (sky130_fd_sc_hd__clkbuf_16)
     2    0.022704    0.044198    0.116766    0.123637 ^ clkbuf_0_clk/X (sky130_fd_sc_hd__clkbuf_16)
                                                         clknet_0_clk (net)
                      0.044203    0.000473    0.124110 ^ clkbuf_1_0__f_clk/A (sky130_fd_sc_hd__clkbuf_16)
     8    0.026386    0.047602    0.130881    0.254991 ^ clkbuf_1_0__f_clk/X (sky130_fd_sc_hd__clkbuf_16)
                                                         clknet_1_0__leaf_clk (net)
                      0.047651    0.001323    0.256314 ^ _091_/CLK (sky130_fd_sc_hd__dfxtp_1)
     7    0.022677    0.216910    0.429328    0.685642 ^ _091_/Q (sky130_fd_sc_hd__dfxtp_1)
                                                         net9 (net)
                      0.216910    0.000516    0.686158 ^ _054_/B (sky130_fd_sc_hd__and4_2)
     7    0.023513    0.146305    0.342525    1.028683 ^ _054_/X (sky130_fd_sc_hd__and4_2)
                                                         _022_ (net)
                      0.146307    0.000865    1.029548 ^ _065_/C (sky130_fd_sc_hd__and4_1)
     5    0.018187    0.186089    0.311872    1.341420 ^ _065_/X (sky130_fd_sc_hd__and4_1)
                                                         _029_ (net)
                      0.186089    0.000570    1.341990 ^ _074_/D (sky130_fd_sc_hd__and4_2)
     9    0.033053    0.191672    0.372327    1.714317 ^ _074_/X (sky130_fd_sc_hd__and4_2)
                                                         _035_ (net)
                      0.191690    0.001889    1.716206 ^ _083_/D (sky130_fd_sc_hd__and4_1)
     2    0.006543    0.086476    0.241723    1.957929 ^ _083_/X (sky130_fd_sc_hd__and4_1)
                                                         _041_ (net)
                      0.086476    0.000161    1.958090 ^ _084_/A_N (sky130_fd_sc_hd__and3b_1)
     1    0.002293    0.034419    0.174458    2.132548 v _084_/X (sky130_fd_sc_hd__and3b_1)
                                                         _013_ (net)
                      0.034419    0.000065    2.132613 v _103_/D (sky130_fd_sc_hd__dfxtp_1)
                                              2.132613   data arrival time

                                 25.000000   25.000000   clock clk (rise edge)
                                  0.000000   25.000000   clock source latency
     2    0.047111    0.000000    0.000000   25.000000 ^ clk (in)
                                                         clk (net)
                      0.013743    0.006871   25.006870 ^ clkbuf_0_clk/A (sky130_fd_sc_hd__clkbuf_16)
     2    0.022704    0.044198    0.116767   25.123638 ^ clkbuf_0_clk/X (sky130_fd_sc_hd__clkbuf_16)
                                                         clknet_0_clk (net)
                      0.044208    0.000609   25.124247 ^ clkbuf_1_1__f_clk/A (sky130_fd_sc_hd__clkbuf_16)
     8    0.029251    0.050374    0.133532   25.257778 ^ clkbuf_1_1__f_clk/X (sky130_fd_sc_hd__clkbuf_16)
                                                         clknet_1_1__leaf_clk (net)
                      0.050378    0.000888   25.258667 ^ _103_/CLK (sky130_fd_sc_hd__dfxtp_1)
                                 -0.250000   25.008667   clock uncertainty
                                  0.000000   25.008667   clock reconvergence pessimism
                                 -0.104630   24.904037   library setup time
                                             24.904037   data required time
---------------------------------------------------------------------------------------------
                                             24.904037   data required time
                                             -2.132613   data arrival time
---------------------------------------------------------------------------------------------
                                             22.771425   slack (MET)


Startpoint: _091_ (rising edge-triggered flip-flop clocked by clk)
Endpoint: _104_ (rising edge-triggered flip-flop clocked by clk)
Path Group: clk
Path Type: max

Fanout         Cap        Slew       Delay        Time   Description
---------------------------------------------------------------------------------------------
                                  0.000000    0.000000   clock clk (rise edge)
                                  0.000000    0.000000   clock source latency
     2    0.047111    0.000000    0.000000    0.000000 ^ clk (in)
                                                         clk (net)
                      0.013743    0.006872    0.006872 ^ clkbuf_0_clk/A (sky130_fd_sc_hd__clkbuf_16)
     2    0.022704    0.044198    0.116766    0.123637 ^ clkbuf_0_clk/X (sky130_fd_sc_hd__clkbuf_16)
                                                         clknet_0_clk (net)
                      0.044203    0.000473    0.124110 ^ clkbuf_1_0__f_clk/A (sky130_fd_sc_hd__clkbuf_16)
     8    0.026386    0.047602    0.130881    0.254991 ^ clkbuf_1_0__f_clk/X (sky130_fd_sc_hd__clkbuf_16)
                                                         clknet_1_0__leaf_clk (net)
                      0.047651    0.001323    0.256314 ^ _091_/CLK (sky130_fd_sc_hd__dfxtp_1)
     7    0.022677    0.216910    0.429328    0.685642 ^ _091_/Q (sky130_fd_sc_hd__dfxtp_1)
                                                         net9 (net)
                      0.216910    0.000516    0.686158 ^ _054_/B (sky130_fd_sc_hd__and4_2)
     7    0.023513    0.146305    0.342525    1.028683 ^ _054_/X (sky130_fd_sc_hd__and4_2)
                                                         _022_ (net)
                      0.146307    0.000865    1.029548 ^ _065_/C (sky130_fd_sc_hd__and4_1)
     5    0.018187    0.186089    0.311872    1.341420 ^ _065_/X (sky130_fd_sc_hd__and4_1)
                                                         _029_ (net)
                      0.186089    0.000570    1.341990 ^ _074_/D (sky130_fd_sc_hd__and4_2)
     9    0.033053    0.191672    0.372327    1.714317 ^ _074_/X (sky130_fd_sc_hd__and4_2)
                                                         _035_ (net)
                      0.191690    0.001889    1.716206 ^ _083_/D (sky130_fd_sc_hd__and4_1)
     2    0.006543    0.086476    0.241723    1.957929 ^ _083_/X (sky130_fd_sc_hd__and4_1)
                                                         _041_ (net)
                      0.086476    0.000177    1.958106 ^ _087_/A2 (sky130_fd_sc_hd__o211a_1)
     1    0.002483    0.041040    0.134120    2.092226 ^ _087_/X (sky130_fd_sc_hd__o211a_1)
                                                         _014_ (net)
                      0.041041    0.000053    2.092278 ^ _104_/D (sky130_fd_sc_hd__dfxtp_1)
                                              2.092278   data arrival time

                                 25.000000   25.000000   clock clk (rise edge)
                                  0.000000   25.000000   clock source latency
     2    0.047111    0.000000    0.000000   25.000000 ^ clk (in)
                                                         clk (net)
                      0.013743    0.006871   25.006870 ^ clkbuf_0_clk/A (sky130_fd_sc_hd__clkbuf_16)
     2    0.022704    0.044198    0.116767   25.123638 ^ clkbuf_0_clk/X (sky130_fd_sc_hd__clkbuf_16)
                                                         clknet_0_clk (net)
                      0.044208    0.000609   25.124247 ^ clkbuf_1_1__f_clk/A (sky130_fd_sc_hd__clkbuf_16)
     8    0.029251    0.050374    0.133532   25.257778 ^ clkbuf_1_1__f_clk/X (sky130_fd_sc_hd__clkbuf_16)
                                                         clknet_1_1__leaf_clk (net)
                      0.050379    0.000902   25.258680 ^ _104_/CLK (sky130_fd_sc_hd__dfxtp_1)
                                 -0.250000   25.008682   clock uncertainty
                                  0.000000   25.008682   clock reconvergence pessimism
                                 -0.052311   24.956369   library setup time
                                             24.956369   data required time
---------------------------------------------------------------------------------------------
                                             24.956369   data required time
                                             -2.092278   data arrival time
---------------------------------------------------------------------------------------------
                                             22.864092   slack (MET)


Startpoint: _091_ (rising edge-triggered flip-flop clocked by clk)
Endpoint: _105_ (rising edge-triggered flip-flop clocked by clk)
Path Group: clk
Path Type: max

Fanout         Cap        Slew       Delay        Time   Description
---------------------------------------------------------------------------------------------
                                  0.000000    0.000000   clock clk (rise edge)
                                  0.000000    0.000000   clock source latency
     2    0.047111    0.000000    0.000000    0.000000 ^ clk (in)
                                                         clk (net)
                      0.013743    0.006872    0.006872 ^ clkbuf_0_clk/A (sky130_fd_sc_hd__clkbuf_16)
     2    0.022704    0.044198    0.116766    0.123637 ^ clkbuf_0_clk/X (sky130_fd_sc_hd__clkbuf_16)
                                                         clknet_0_clk (net)
                      0.044203    0.000473    0.124110 ^ clkbuf_1_0__f_clk/A (sky130_fd_sc_hd__clkbuf_16)
     8    0.026386    0.047602    0.130881    0.254991 ^ clkbuf_1_0__f_clk/X (sky130_fd_sc_hd__clkbuf_16)
                                                         clknet_1_0__leaf_clk (net)
                      0.047651    0.001323    0.256314 ^ _091_/CLK (sky130_fd_sc_hd__dfxtp_1)
     7    0.022677    0.216910    0.429328    0.685642 ^ _091_/Q (sky130_fd_sc_hd__dfxtp_1)
                                                         net9 (net)
                      0.216910    0.000516    0.686158 ^ _054_/B (sky130_fd_sc_hd__and4_2)
     7    0.023513    0.146305    0.342525    1.028683 ^ _054_/X (sky130_fd_sc_hd__and4_2)
                                                         _022_ (net)
                      0.146307    0.000865    1.029548 ^ _065_/C (sky130_fd_sc_hd__and4_1)
     5    0.018187    0.186089    0.311872    1.341420 ^ _065_/X (sky130_fd_sc_hd__and4_1)
                                                         _029_ (net)
                      0.186089    0.000570    1.341990 ^ _074_/D (sky130_fd_sc_hd__and4_2)
     9    0.033053    0.191672    0.372327    1.714317 ^ _074_/X (sky130_fd_sc_hd__and4_2)
                                                         _035_ (net)
                      0.191687    0.001797    1.716114 ^ _086_/B (sky130_fd_sc_hd__nand3_1)
     2    0.006138    0.092562    0.127988    1.844102 v _086_/Y (sky130_fd_sc_hd__nand3_1)
                                                         _043_ (net)
                      0.092562    0.000147    1.844250 v _089_/A2 (sky130_fd_sc_hd__a21oi_1)
     1    0.002857    0.105248    0.154905    1.999155 ^ _089_/Y (sky130_fd_sc_hd__a21oi_1)
                                                         _015_ (net)
                      0.105248    0.000062    1.999217 ^ _105_/D (sky130_fd_sc_hd__dfxtp_1)
                                              1.999217   data arrival time

                                 25.000000   25.000000   clock clk (rise edge)
                                  0.000000   25.000000   clock source latency
     2    0.047111    0.000000    0.000000   25.000000 ^ clk (in)
                                                         clk (net)
                      0.013743    0.006871   25.006870 ^ clkbuf_0_clk/A (sky130_fd_sc_hd__clkbuf_16)
     2    0.022704    0.044198    0.116767   25.123638 ^ clkbuf_0_clk/X (sky130_fd_sc_hd__clkbuf_16)
                                                         clknet_0_clk (net)
                      0.044208    0.000609   25.124247 ^ clkbuf_1_1__f_clk/A (sky130_fd_sc_hd__clkbuf_16)
     8    0.029251    0.050374    0.133532   25.257778 ^ clkbuf_1_1__f_clk/X (sky130_fd_sc_hd__clkbuf_16)
                                                         clknet_1_1__leaf_clk (net)
                      0.050379    0.000908   25.258686 ^ _105_/CLK (sky130_fd_sc_hd__dfxtp_1)
                                 -0.250000   25.008688   clock uncertainty
                                  0.000000   25.008688   clock reconvergence pessimism
                                 -0.067134   24.941553   library setup time
                                             24.941553   data required time
---------------------------------------------------------------------------------------------
                                             24.941553   data required time
                                             -1.999217   data arrival time
---------------------------------------------------------------------------------------------
                                             22.942337   slack (MET)


Startpoint: _091_ (rising edge-triggered flip-flop clocked by clk)
Endpoint: _101_ (rising edge-triggered flip-flop clocked by clk)
Path Group: clk
Path Type: max

Fanout         Cap        Slew       Delay        Time   Description
---------------------------------------------------------------------------------------------
                                  0.000000    0.000000   clock clk (rise edge)
                                  0.000000    0.000000   clock source latency
     2    0.047111    0.000000    0.000000    0.000000 ^ clk (in)
                                                         clk (net)
                      0.013743    0.006872    0.006872 ^ clkbuf_0_clk/A (sky130_fd_sc_hd__clkbuf_16)
     2    0.022704    0.044198    0.116766    0.123637 ^ clkbuf_0_clk/X (sky130_fd_sc_hd__clkbuf_16)
                                                         clknet_0_clk (net)
                      0.044203    0.000473    0.124110 ^ clkbuf_1_0__f_clk/A (sky130_fd_sc_hd__clkbuf_16)
     8    0.026386    0.047602    0.130881    0.254991 ^ clkbuf_1_0__f_clk/X (sky130_fd_sc_hd__clkbuf_16)
                                                         clknet_1_0__leaf_clk (net)
                      0.047651    0.001323    0.256314 ^ _091_/CLK (sky130_fd_sc_hd__dfxtp_1)
     7    0.022677    0.216910    0.429328    0.685642 ^ _091_/Q (sky130_fd_sc_hd__dfxtp_1)
                                                         net9 (net)
                      0.216910    0.000516    0.686158 ^ _054_/B (sky130_fd_sc_hd__and4_2)
     7    0.023513    0.146305    0.342525    1.028683 ^ _054_/X (sky130_fd_sc_hd__and4_2)
                                                         _022_ (net)
                      0.146307    0.000865    1.029548 ^ _065_/C (sky130_fd_sc_hd__and4_1)
     5    0.018187    0.186089    0.311872    1.341420 ^ _065_/X (sky130_fd_sc_hd__and4_1)
                                                         _029_ (net)
                      0.186089    0.000570    1.341990 ^ _074_/D (sky130_fd_sc_hd__and4_2)
     9    0.033053    0.191672    0.372327    1.714317 ^ _074_/X (sky130_fd_sc_hd__and4_2)
                                                         _035_ (net)
                      0.191687    0.001764    1.716081 ^ _077_/A2 (sky130_fd_sc_hd__a21oi_1)
     1    0.004022    0.061815    0.102897    1.818978 v _077_/Y (sky130_fd_sc_hd__a21oi_1)
                                                         _037_ (net)
                      0.061815    0.000137    1.819116 v _078_/B1 (sky130_fd_sc_hd__o21a_1)
     1    0.002184    0.031927    0.101800    1.920916 v _078_/X (sky130_fd_sc_hd__o21a_1)
                                                         _011_ (net)
                      0.031927    0.000062    1.920977 v _101_/D (sky130_fd_sc_hd__dfxtp_2)
                                              1.920977   data arrival time

                                 25.000000   25.000000   clock clk (rise edge)
                                  0.000000   25.000000   clock source latency
     2    0.047111    0.000000    0.000000   25.000000 ^ clk (in)
                                                         clk (net)
                      0.013743    0.006871   25.006870 ^ clkbuf_0_clk/A (sky130_fd_sc_hd__clkbuf_16)
     2    0.022704    0.044198    0.116767   25.123638 ^ clkbuf_0_clk/X (sky130_fd_sc_hd__clkbuf_16)
                                                         clknet_0_clk (net)
                      0.044208    0.000609   25.124247 ^ clkbuf_1_1__f_clk/A (sky130_fd_sc_hd__clkbuf_16)
     8    0.029251    0.050374    0.133532   25.257778 ^ clkbuf_1_1__f_clk/X (sky130_fd_sc_hd__clkbuf_16)
                                                         clknet_1_1__leaf_clk (net)
                      0.050375    0.000419   25.258198 ^ _101_/CLK (sky130_fd_sc_hd__dfxtp_2)
                                 -0.250000   25.008200   clock uncertainty
                                  0.000000   25.008200   clock reconvergence pessimism
                                 -0.105925   24.902275   library setup time
                                             24.902275   data required time
---------------------------------------------------------------------------------------------
                                             24.902275   data required time
                                             -1.920977   data arrival time
---------------------------------------------------------------------------------------------
                                             22.981298   slack (MET)


Startpoint: _091_ (rising edge-triggered flip-flop clocked by clk)
Endpoint: _102_ (rising edge-triggered flip-flop clocked by clk)
Path Group: clk
Path Type: max

Fanout         Cap        Slew       Delay        Time   Description
---------------------------------------------------------------------------------------------
                                  0.000000    0.000000   clock clk (rise edge)
                                  0.000000    0.000000   clock source latency
     2    0.047111    0.000000    0.000000    0.000000 ^ clk (in)
                                                         clk (net)
                      0.013743    0.006872    0.006872 ^ clkbuf_0_clk/A (sky130_fd_sc_hd__clkbuf_16)
     2    0.022704    0.044198    0.116766    0.123637 ^ clkbuf_0_clk/X (sky130_fd_sc_hd__clkbuf_16)
                                                         clknet_0_clk (net)
                      0.044203    0.000473    0.124110 ^ clkbuf_1_0__f_clk/A (sky130_fd_sc_hd__clkbuf_16)
     8    0.026386    0.047602    0.130881    0.254991 ^ clkbuf_1_0__f_clk/X (sky130_fd_sc_hd__clkbuf_16)
                                                         clknet_1_0__leaf_clk (net)
                      0.047651    0.001323    0.256314 ^ _091_/CLK (sky130_fd_sc_hd__dfxtp_1)
     7    0.022677    0.216910    0.429328    0.685642 ^ _091_/Q (sky130_fd_sc_hd__dfxtp_1)
                                                         net9 (net)
                      0.216910    0.000516    0.686158 ^ _054_/B (sky130_fd_sc_hd__and4_2)
     7    0.023513    0.146305    0.342525    1.028683 ^ _054_/X (sky130_fd_sc_hd__and4_2)
                                                         _022_ (net)
                      0.146307    0.000865    1.029548 ^ _065_/C (sky130_fd_sc_hd__and4_1)
     5    0.018187    0.186089    0.311872    1.341420 ^ _065_/X (sky130_fd_sc_hd__and4_1)
                                                         _029_ (net)
                      0.186089    0.000570    1.341990 ^ _074_/D (sky130_fd_sc_hd__and4_2)
     9    0.033053    0.191672    0.372327    1.714317 ^ _074_/X (sky130_fd_sc_hd__and4_2)
                                                         _035_ (net)
                      0.191683    0.001588    1.715905 ^ _080_/A3 (sky130_fd_sc_hd__a31o_1)
     1    0.002802    0.045658    0.165907    1.881812 ^ _080_/X (sky130_fd_sc_hd__a31o_1)
                                                         _039_ (net)
                      0.045659    0.000080    1.881892 ^ _081_/B (sky130_fd_sc_hd__nor2_1)
     1    0.002305    0.033698    0.034124    1.916016 v _081_/Y (sky130_fd_sc_hd__nor2_1)
                                                         _012_ (net)
                      0.033698    0.000064    1.916080 v _102_/D (sky130_fd_sc_hd__dfxtp_1)
                                              1.916080   data arrival time

                                 25.000000   25.000000   clock clk (rise edge)
                                  0.000000   25.000000   clock source latency
     2    0.047111    0.000000    0.000000   25.000000 ^ clk (in)
                                                         clk (net)
                      0.013743    0.006871   25.006870 ^ clkbuf_0_clk/A (sky130_fd_sc_hd__clkbuf_16)
     2    0.022704    0.044198    0.116767   25.123638 ^ clkbuf_0_clk/X (sky130_fd_sc_hd__clkbuf_16)
                                                         clknet_0_clk (net)
                      0.044208    0.000609   25.124247 ^ clkbuf_1_1__f_clk/A (sky130_fd_sc_hd__clkbuf_16)
     8    0.029251    0.050374    0.133532   25.257778 ^ clkbuf_1_1__f_clk/X (sky130_fd_sc_hd__clkbuf_16)
                                                         clknet_1_1__leaf_clk (net)
                      0.050376    0.000600   25.258379 ^ _102_/CLK (sky130_fd_sc_hd__dfxtp_1)
                                 -0.250000   25.008381   clock uncertainty
                                  0.000000   25.008381   clock reconvergence pessimism
                                 -0.104315   24.904066   library setup time
                                             24.904066   data required time
---------------------------------------------------------------------------------------------
                                             24.904066   data required time
                                             -1.916080   data arrival time
---------------------------------------------------------------------------------------------
                                             22.987986   slack (MET)


Startpoint: _090_ (rising edge-triggered flip-flop clocked by clk)
Endpoint: _091_ (rising edge-triggered flip-flop clocked by clk)
Path Group: clk
Path Type: max

Fanout         Cap        Slew       Delay        Time   Description
---------------------------------------------------------------------------------------------
                                  0.000000    0.000000   clock clk (rise edge)
                                  0.000000    0.000000   clock source latency
     2    0.047111    0.000000    0.000000    0.000000 ^ clk (in)
                                                         clk (net)
                      0.013743    0.006872    0.006872 ^ clkbuf_0_clk/A (sky130_fd_sc_hd__clkbuf_16)
     2    0.022704    0.044198    0.116766    0.123637 ^ clkbuf_0_clk/X (sky130_fd_sc_hd__clkbuf_16)
                                                         clknet_0_clk (net)
                      0.044203    0.000473    0.124110 ^ clkbuf_1_0__f_clk/A (sky130_fd_sc_hd__clkbuf_16)
     8    0.026386    0.047602    0.130881    0.254991 ^ clkbuf_1_0__f_clk/X (sky130_fd_sc_hd__clkbuf_16)
                                                         clknet_1_0__leaf_clk (net)
                      0.047642    0.001210    0.256201 ^ _090_/CLK (sky130_fd_sc_hd__dfxtp_2)
     7    0.024717    0.131033    0.383926    0.640127 ^ _090_/Q (sky130_fd_sc_hd__dfxtp_2)
                                                         net2 (net)
                      0.131033    0.000524    0.640651 ^ hold1/A (sky130_fd_sc_hd__dlygate4sd3_1)
     2    0.010468    0.120025    0.617788    1.258439 ^ hold1/X (sky130_fd_sc_hd__dlygate4sd3_1)
                                                         net34 (net)
                      0.120025    0.000403    1.258841 ^ _049_/A1 (sky130_fd_sc_hd__a21oi_1)
     1    0.002303    0.048406    0.074193    1.333035 v _049_/Y (sky130_fd_sc_hd__a21oi_1)
                                                         _001_ (net)
                      0.048406    0.000048    1.333083 v hold5/A (sky130_fd_sc_hd__dlygate4sd3_1)
     1    0.002149    0.049674    0.543585    1.876667 v hold5/X (sky130_fd_sc_hd__dlygate4sd3_1)
                                                         net38 (net)
                      0.049674    0.000060    1.876728 v _091_/D (sky130_fd_sc_hd__dfxtp_1)
                                              1.876728   data arrival time

                                 25.000000   25.000000   clock clk (rise edge)
                                  0.000000   25.000000   clock source latency
     2    0.047111    0.000000    0.000000   25.000000 ^ clk (in)
                                                         clk (net)
                      0.013743    0.006871   25.006870 ^ clkbuf_0_clk/A (sky130_fd_sc_hd__clkbuf_16)
     2    0.022704    0.044198    0.116767   25.123638 ^ clkbuf_0_clk/X (sky130_fd_sc_hd__clkbuf_16)
                                                         clknet_0_clk (net)
                      0.044203    0.000473   25.124109 ^ clkbuf_1_0__f_clk/A (sky130_fd_sc_hd__clkbuf_16)
     8    0.026386    0.047602    0.130880   25.254990 ^ clkbuf_1_0__f_clk/X (sky130_fd_sc_hd__clkbuf_16)
                                                         clknet_1_0__leaf_clk (net)
                      0.047651    0.001323   25.256313 ^ _091_/CLK (sky130_fd_sc_hd__dfxtp_1)
                                 -0.250000   25.006313   clock uncertainty
                                  0.000000   25.006313   clock reconvergence pessimism
                                 -0.111963   24.894352   library setup time
                                             24.894352   data required time
---------------------------------------------------------------------------------------------
                                             24.894352   data required time
                                             -1.876728   data arrival time
---------------------------------------------------------------------------------------------
                                             23.017624   slack (MET)


Startpoint: _092_ (rising edge-triggered flip-flop clocked by clk)
Endpoint: _092_ (rising edge-triggered flip-flop clocked by clk)
Path Group: clk
Path Type: max

Fanout         Cap        Slew       Delay        Time   Description
---------------------------------------------------------------------------------------------
                                  0.000000    0.000000   clock clk (rise edge)
                                  0.000000    0.000000   clock source latency
     2    0.047111    0.000000    0.000000    0.000000 ^ clk (in)
                                                         clk (net)
                      0.013743    0.006872    0.006872 ^ clkbuf_0_clk/A (sky130_fd_sc_hd__clkbuf_16)
     2    0.022704    0.044198    0.116766    0.123637 ^ clkbuf_0_clk/X (sky130_fd_sc_hd__clkbuf_16)
                                                         clknet_0_clk (net)
                      0.044203    0.000473    0.124110 ^ clkbuf_1_0__f_clk/A (sky130_fd_sc_hd__clkbuf_16)
     8    0.026386    0.047602    0.130881    0.254991 ^ clkbuf_1_0__f_clk/X (sky130_fd_sc_hd__clkbuf_16)
                                                         clknet_1_0__leaf_clk (net)
                      0.047648    0.001280    0.256271 ^ _092_/CLK (sky130_fd_sc_hd__dfxtp_1)
     5    0.013476    0.070777    0.333201    0.589472 v _092_/Q (sky130_fd_sc_hd__dfxtp_1)
                                                         net10 (net)
                      0.070777    0.000284    0.589756 v hold9/A (sky130_fd_sc_hd__dlygate4sd3_1)
     1    0.003169    0.055361    0.562712    1.152468 v hold9/X (sky130_fd_sc_hd__dlygate4sd3_1)
                                                         net42 (net)
                      0.055361    0.000071    1.152540 v _050_/B1 (sky130_fd_sc_hd__a21oi_1)
     1    0.002449    0.097917    0.107522    1.260062 ^ _050_/Y (sky130_fd_sc_hd__a21oi_1)
                                                         _019_ (net)
                      0.097917    0.000052    1.260114 ^ hold10/A (sky130_fd_sc_hd__dlygate4sd3_1)
     1    0.003012    0.054775    0.552374    1.812488 ^ hold10/X (sky130_fd_sc_hd__dlygate4sd3_1)
                                                         net43 (net)
                      0.054775    0.000087    1.812575 ^ _052_/A (sky130_fd_sc_hd__nor2_1)
     1    0.002267    0.024134    0.041673    1.854248 v _052_/Y (sky130_fd_sc_hd__nor2_1)
                                                         _002_ (net)
                      0.024134    0.000064    1.854312 v _092_/D (sky130_fd_sc_hd__dfxtp_1)
                                              1.854312   data arrival time

                                 25.000000   25.000000   clock clk (rise edge)
                                  0.000000   25.000000   clock source latency
     2    0.047111    0.000000    0.000000   25.000000 ^ clk (in)
                                                         clk (net)
                      0.013743    0.006871   25.006870 ^ clkbuf_0_clk/A (sky130_fd_sc_hd__clkbuf_16)
     2    0.022704    0.044198    0.116767   25.123638 ^ clkbuf_0_clk/X (sky130_fd_sc_hd__clkbuf_16)
                                                         clknet_0_clk (net)
                      0.044203    0.000473   25.124109 ^ clkbuf_1_0__f_clk/A (sky130_fd_sc_hd__clkbuf_16)
     8    0.026386    0.047602    0.130880   25.254990 ^ clkbuf_1_0__f_clk/X (sky130_fd_sc_hd__clkbuf_16)
                                                         clknet_1_0__leaf_clk (net)
                      0.047648    0.001281   25.256271 ^ _092_/CLK (sky130_fd_sc_hd__dfxtp_1)
                                 -0.250000   25.006271   clock uncertainty
                                  0.000000   25.006271   clock reconvergence pessimism
                                 -0.100753   24.905518   library setup time
                                             24.905518   data required time
---------------------------------------------------------------------------------------------
                                             24.905518   data required time
                                             -1.854312   data arrival time
---------------------------------------------------------------------------------------------
                                             23.051207   slack (MET)


Startpoint: _091_ (rising edge-triggered flip-flop clocked by clk)
Endpoint: _100_ (rising edge-triggered flip-flop clocked by clk)
Path Group: clk
Path Type: max

Fanout         Cap        Slew       Delay        Time   Description
---------------------------------------------------------------------------------------------
                                  0.000000    0.000000   clock clk (rise edge)
                                  0.000000    0.000000   clock source latency
     2    0.047111    0.000000    0.000000    0.000000 ^ clk (in)
                                                         clk (net)
                      0.013743    0.006872    0.006872 ^ clkbuf_0_clk/A (sky130_fd_sc_hd__clkbuf_16)
     2    0.022704    0.044198    0.116766    0.123637 ^ clkbuf_0_clk/X (sky130_fd_sc_hd__clkbuf_16)
                                                         clknet_0_clk (net)
                      0.044203    0.000473    0.124110 ^ clkbuf_1_0__f_clk/A (sky130_fd_sc_hd__clkbuf_16)
     8    0.026386    0.047602    0.130881    0.254991 ^ clkbuf_1_0__f_clk/X (sky130_fd_sc_hd__clkbuf_16)
                                                         clknet_1_0__leaf_clk (net)
                      0.047651    0.001323    0.256314 ^ _091_/CLK (sky130_fd_sc_hd__dfxtp_1)
     7    0.022677    0.216910    0.429328    0.685642 ^ _091_/Q (sky130_fd_sc_hd__dfxtp_1)
                                                         net9 (net)
                      0.216910    0.000516    0.686158 ^ _054_/B (sky130_fd_sc_hd__and4_2)
     7    0.023513    0.146305    0.342525    1.028683 ^ _054_/X (sky130_fd_sc_hd__and4_2)
                                                         _022_ (net)
                      0.146307    0.000865    1.029548 ^ _065_/C (sky130_fd_sc_hd__and4_1)
     5    0.018187    0.186089    0.311872    1.341420 ^ _065_/X (sky130_fd_sc_hd__and4_1)
                                                         _029_ (net)
                      0.186089    0.000570    1.341990 ^ _074_/D (sky130_fd_sc_hd__and4_2)
     9    0.033053    0.191672    0.372327    1.714317 ^ _074_/X (sky130_fd_sc_hd__and4_2)
                                                         _035_ (net)
                      0.191672    0.000590    1.714907 ^ _076_/A (sky130_fd_sc_hd__nor2_1)
     1    0.002072    0.046706    0.067235    1.782142 v _076_/Y (sky130_fd_sc_hd__nor2_1)
                                                         _010_ (net)
                      0.046706    0.000041    1.782183 v _100_/D (sky130_fd_sc_hd__dfxtp_1)
                                              1.782183   data arrival time

                                 25.000000   25.000000   clock clk (rise edge)
                                  0.000000   25.000000   clock source latency
     2    0.047111    0.000000    0.000000   25.000000 ^ clk (in)
                                                         clk (net)
                      0.013743    0.006871   25.006870 ^ clkbuf_0_clk/A (sky130_fd_sc_hd__clkbuf_16)
     2    0.022704    0.044198    0.116767   25.123638 ^ clkbuf_0_clk/X (sky130_fd_sc_hd__clkbuf_16)
                                                         clknet_0_clk (net)
                      0.044208    0.000609   25.124247 ^ clkbuf_1_1__f_clk/A (sky130_fd_sc_hd__clkbuf_16)
     8    0.029251    0.050374    0.133532   25.257778 ^ clkbuf_1_1__f_clk/X (sky130_fd_sc_hd__clkbuf_16)
                                                         clknet_1_1__leaf_clk (net)
                      0.050375    0.000439   25.258217 ^ _100_/CLK (sky130_fd_sc_hd__dfxtp_1)
                                 -0.250000   25.008219   clock uncertainty
                                  0.000000   25.008219   clock reconvergence pessimism
                                 -0.110024   24.898195   library setup time
                                             24.898195   data required time
---------------------------------------------------------------------------------------------
                                             24.898195   data required time
                                             -1.782183   data arrival time
---------------------------------------------------------------------------------------------
                                             23.116011   slack (MET)


Startpoint: _091_ (rising edge-triggered flip-flop clocked by clk)
Endpoint: _099_ (rising edge-triggered flip-flop clocked by clk)
Path Group: clk
Path Type: max

Fanout         Cap        Slew       Delay        Time   Description
---------------------------------------------------------------------------------------------
                                  0.000000    0.000000   clock clk (rise edge)
                                  0.000000    0.000000   clock source latency
     2    0.047111    0.000000    0.000000    0.000000 ^ clk (in)
                                                         clk (net)
                      0.013743    0.006872    0.006872 ^ clkbuf_0_clk/A (sky130_fd_sc_hd__clkbuf_16)
     2    0.022704    0.044198    0.116766    0.123637 ^ clkbuf_0_clk/X (sky130_fd_sc_hd__clkbuf_16)
                                                         clknet_0_clk (net)
                      0.044203    0.000473    0.124110 ^ clkbuf_1_0__f_clk/A (sky130_fd_sc_hd__clkbuf_16)
     8    0.026386    0.047602    0.130881    0.254991 ^ clkbuf_1_0__f_clk/X (sky130_fd_sc_hd__clkbuf_16)
                                                         clknet_1_0__leaf_clk (net)
                      0.047651    0.001323    0.256314 ^ _091_/CLK (sky130_fd_sc_hd__dfxtp_1)
     7    0.022677    0.216910    0.429328    0.685642 ^ _091_/Q (sky130_fd_sc_hd__dfxtp_1)
                                                         net9 (net)
                      0.216910    0.000516    0.686158 ^ _054_/B (sky130_fd_sc_hd__and4_2)
     7    0.023513    0.146305    0.342525    1.028683 ^ _054_/X (sky130_fd_sc_hd__and4_2)
                                                         _022_ (net)
                      0.146307    0.000865    1.029548 ^ _065_/C (sky130_fd_sc_hd__and4_1)
     5    0.018187    0.186089    0.311872    1.341420 ^ _065_/X (sky130_fd_sc_hd__and4_1)
                                                         _029_ (net)
                      0.186089    0.000600    1.342020 ^ _068_/B (sky130_fd_sc_hd__and2_1)
     2    0.007464    0.087305    0.182828    1.524848 ^ _068_/X (sky130_fd_sc_hd__and2_1)
                                                         _031_ (net)
                      0.087305    0.000158    1.525006 ^ _072_/A2 (sky130_fd_sc_hd__o21ai_1)
     1    0.002562    0.065827    0.061377    1.586383 v _072_/Y (sky130_fd_sc_hd__o21ai_1)
                                                         _034_ (net)
                      0.065827    0.000051    1.586435 v _073_/B (sky130_fd_sc_hd__nor2_1)
     1    0.002068    0.065818    0.079958    1.666393 ^ _073_/Y (sky130_fd_sc_hd__nor2_1)
                                                         _009_ (net)
                      0.065818    0.000058    1.666451 ^ _099_/D (sky130_fd_sc_hd__dfxtp_1)
                                              1.666451   data arrival time

                                 25.000000   25.000000   clock clk (rise edge)
                                  0.000000   25.000000   clock source latency
     2    0.047111    0.000000    0.000000   25.000000 ^ clk (in)
                                                         clk (net)
                      0.013743    0.006871   25.006870 ^ clkbuf_0_clk/A (sky130_fd_sc_hd__clkbuf_16)
     2    0.022704    0.044198    0.116767   25.123638 ^ clkbuf_0_clk/X (sky130_fd_sc_hd__clkbuf_16)
                                                         clknet_0_clk (net)
                      0.044208    0.000609   25.124247 ^ clkbuf_1_1__f_clk/A (sky130_fd_sc_hd__clkbuf_16)
     8    0.029251    0.050374    0.133532   25.257778 ^ clkbuf_1_1__f_clk/X (sky130_fd_sc_hd__clkbuf_16)
                                                         clknet_1_1__leaf_clk (net)
                      0.050376    0.000593   25.258371 ^ _099_/CLK (sky130_fd_sc_hd__dfxtp_1)
                                 -0.250000   25.008373   clock uncertainty
                                  0.000000   25.008373   clock reconvergence pessimism
                                 -0.058032   24.950340   library setup time
                                             24.950340   data required time
---------------------------------------------------------------------------------------------
                                             24.950340   data required time
                                             -1.666451   data arrival time
---------------------------------------------------------------------------------------------
                                             23.283892   slack (MET)


Startpoint: _091_ (rising edge-triggered flip-flop clocked by clk)
Endpoint: _098_ (rising edge-triggered flip-flop clocked by clk)
Path Group: clk
Path Type: max

Fanout         Cap        Slew       Delay        Time   Description
---------------------------------------------------------------------------------------------
                                  0.000000    0.000000   clock clk (rise edge)
                                  0.000000    0.000000   clock source latency
     2    0.047111    0.000000    0.000000    0.000000 ^ clk (in)
                                                         clk (net)
                      0.013743    0.006872    0.006872 ^ clkbuf_0_clk/A (sky130_fd_sc_hd__clkbuf_16)
     2    0.022704    0.044198    0.116766    0.123637 ^ clkbuf_0_clk/X (sky130_fd_sc_hd__clkbuf_16)
                                                         clknet_0_clk (net)
                      0.044203    0.000473    0.124110 ^ clkbuf_1_0__f_clk/A (sky130_fd_sc_hd__clkbuf_16)
     8    0.026386    0.047602    0.130881    0.254991 ^ clkbuf_1_0__f_clk/X (sky130_fd_sc_hd__clkbuf_16)
                                                         clknet_1_0__leaf_clk (net)
                      0.047651    0.001323    0.256314 ^ _091_/CLK (sky130_fd_sc_hd__dfxtp_1)
     7    0.022677    0.216910    0.429328    0.685642 ^ _091_/Q (sky130_fd_sc_hd__dfxtp_1)
                                                         net9 (net)
                      0.216910    0.000516    0.686158 ^ _054_/B (sky130_fd_sc_hd__and4_2)
     7    0.023513    0.146305    0.342525    1.028683 ^ _054_/X (sky130_fd_sc_hd__and4_2)
                                                         _022_ (net)
                      0.146307    0.000865    1.029548 ^ _065_/C (sky130_fd_sc_hd__and4_1)
     5    0.018187    0.186089    0.311872    1.341420 ^ _065_/X (sky130_fd_sc_hd__and4_1)
                                                         _029_ (net)
                      0.186089    0.000600    1.342020 ^ _068_/B (sky130_fd_sc_hd__and2_1)
     2    0.007464    0.087305    0.182828    1.524848 ^ _068_/X (sky130_fd_sc_hd__and2_1)
                                                         _031_ (net)
                      0.087305    0.000193    1.525040 ^ _070_/A (sky130_fd_sc_hd__nor2_1)
     1    0.002944    0.033345    0.053295    1.578335 v _070_/Y (sky130_fd_sc_hd__nor2_1)
                                                         _008_ (net)
                      0.033345    0.000089    1.578424 v _098_/D (sky130_fd_sc_hd__dfxtp_1)
                                              1.578424   data arrival time

                                 25.000000   25.000000   clock clk (rise edge)
                                  0.000000   25.000000   clock source latency
     2    0.047111    0.000000    0.000000   25.000000 ^ clk (in)
                                                         clk (net)
                      0.013743    0.006871   25.006870 ^ clkbuf_0_clk/A (sky130_fd_sc_hd__clkbuf_16)
     2    0.022704    0.044198    0.116767   25.123638 ^ clkbuf_0_clk/X (sky130_fd_sc_hd__clkbuf_16)
                                                         clknet_0_clk (net)
                      0.044208    0.000609   25.124247 ^ clkbuf_1_1__f_clk/A (sky130_fd_sc_hd__clkbuf_16)
     8    0.029251    0.050374    0.133532   25.257778 ^ clkbuf_1_1__f_clk/X (sky130_fd_sc_hd__clkbuf_16)
                                                         clknet_1_1__leaf_clk (net)
                      0.050376    0.000570   25.258348 ^ _098_/CLK (sky130_fd_sc_hd__dfxtp_1)
                                 -0.250000   25.008350   clock uncertainty
                                  0.000000   25.008350   clock reconvergence pessimism
                                 -0.104160   24.904190   library setup time
                                             24.904190   data required time
---------------------------------------------------------------------------------------------
                                             24.904190   data required time
                                             -1.578424   data arrival time
---------------------------------------------------------------------------------------------
                                             23.325766   slack (MET)


Startpoint: _091_ (rising edge-triggered flip-flop clocked by clk)
Endpoint: _096_ (rising edge-triggered flip-flop clocked by clk)
Path Group: clk
Path Type: max

Fanout         Cap        Slew       Delay        Time   Description
---------------------------------------------------------------------------------------------
                                  0.000000    0.000000   clock clk (rise edge)
                                  0.000000    0.000000   clock source latency
     2    0.047111    0.000000    0.000000    0.000000 ^ clk (in)
                                                         clk (net)
                      0.013743    0.006872    0.006872 ^ clkbuf_0_clk/A (sky130_fd_sc_hd__clkbuf_16)
     2    0.022704    0.044198    0.116766    0.123637 ^ clkbuf_0_clk/X (sky130_fd_sc_hd__clkbuf_16)
                                                         clknet_0_clk (net)
                      0.044203    0.000473    0.124110 ^ clkbuf_1_0__f_clk/A (sky130_fd_sc_hd__clkbuf_16)
     8    0.026386    0.047602    0.130881    0.254991 ^ clkbuf_1_0__f_clk/X (sky130_fd_sc_hd__clkbuf_16)
                                                         clknet_1_0__leaf_clk (net)
                      0.047651    0.001323    0.256314 ^ _091_/CLK (sky130_fd_sc_hd__dfxtp_1)
     7    0.021387    0.105125    0.360575    0.616889 v _091_/Q (sky130_fd_sc_hd__dfxtp_1)
                                                         net9 (net)
                      0.105126    0.000489    0.617378 v _054_/B (sky130_fd_sc_hd__and4_2)
     7    0.022525    0.082058    0.282960    0.900338 v _054_/X (sky130_fd_sc_hd__and4_2)
                                                         _022_ (net)
                      0.082064    0.000749    0.901087 v _060_/A (sky130_fd_sc_hd__and2_1)
     2    0.004121    0.040553    0.154888    1.055974 v _060_/X (sky130_fd_sc_hd__and2_1)
                                                         _026_ (net)
                      0.040553    0.000081    1.056056 v _062_/B (sky130_fd_sc_hd__or2_1)
     1    0.002155    0.044354    0.194855    1.250910 v _062_/X (sky130_fd_sc_hd__or2_1)
                                                         _027_ (net)
                      0.044354    0.000060    1.250970 v _064_/C (sky130_fd_sc_hd__and3b_1)
     1    0.002754    0.036671    0.171597    1.422568 v _064_/X (sky130_fd_sc_hd__and3b_1)
                                                         _006_ (net)
                      0.036671    0.000086    1.422654 v _096_/D (sky130_fd_sc_hd__dfxtp_1)
                                              1.422654   data arrival time

                                 25.000000   25.000000   clock clk (rise edge)
                                  0.000000   25.000000   clock source latency
     2    0.047111    0.000000    0.000000   25.000000 ^ clk (in)
                                                         clk (net)
                      0.013743    0.006871   25.006870 ^ clkbuf_0_clk/A (sky130_fd_sc_hd__clkbuf_16)
     2    0.022704    0.044198    0.116767   25.123638 ^ clkbuf_0_clk/X (sky130_fd_sc_hd__clkbuf_16)
                                                         clknet_0_clk (net)
                      0.044203    0.000473   25.124109 ^ clkbuf_1_0__f_clk/A (sky130_fd_sc_hd__clkbuf_16)
     8    0.026386    0.047602    0.130880   25.254990 ^ clkbuf_1_0__f_clk/X (sky130_fd_sc_hd__clkbuf_16)
                                                         clknet_1_0__leaf_clk (net)
                      0.047609    0.000604   25.255594 ^ _096_/CLK (sky130_fd_sc_hd__dfxtp_1)
                                 -0.250000   25.005594   clock uncertainty
                                  0.000000   25.005594   clock reconvergence pessimism
                                 -0.106265   24.899330   library setup time
                                             24.899330   data required time
---------------------------------------------------------------------------------------------
                                             24.899330   data required time
                                             -1.422654   data arrival time
---------------------------------------------------------------------------------------------
                                             23.476675   slack (MET)


Startpoint: _091_ (rising edge-triggered flip-flop clocked by clk)
Endpoint: _097_ (rising edge-triggered flip-flop clocked by clk)
Path Group: clk
Path Type: max

Fanout         Cap        Slew       Delay        Time   Description
---------------------------------------------------------------------------------------------
                                  0.000000    0.000000   clock clk (rise edge)
                                  0.000000    0.000000   clock source latency
     2    0.047111    0.000000    0.000000    0.000000 ^ clk (in)
                                                         clk (net)
                      0.013743    0.006872    0.006872 ^ clkbuf_0_clk/A (sky130_fd_sc_hd__clkbuf_16)
     2    0.022704    0.044198    0.116766    0.123637 ^ clkbuf_0_clk/X (sky130_fd_sc_hd__clkbuf_16)
                                                         clknet_0_clk (net)
                      0.044203    0.000473    0.124110 ^ clkbuf_1_0__f_clk/A (sky130_fd_sc_hd__clkbuf_16)
     8    0.026386    0.047602    0.130881    0.254991 ^ clkbuf_1_0__f_clk/X (sky130_fd_sc_hd__clkbuf_16)
                                                         clknet_1_0__leaf_clk (net)
                      0.047651    0.001323    0.256314 ^ _091_/CLK (sky130_fd_sc_hd__dfxtp_1)
     7    0.022677    0.216910    0.429328    0.685642 ^ _091_/Q (sky130_fd_sc_hd__dfxtp_1)
                                                         net9 (net)
                      0.216910    0.000516    0.686158 ^ _054_/B (sky130_fd_sc_hd__and4_2)
     7    0.023513    0.146305    0.342525    1.028683 ^ _054_/X (sky130_fd_sc_hd__and4_2)
                                                         _022_ (net)
                      0.146307    0.000865    1.029548 ^ _065_/C (sky130_fd_sc_hd__and4_1)
     5    0.018187    0.186089    0.311872    1.341420 ^ _065_/X (sky130_fd_sc_hd__and4_1)
                                                         _029_ (net)
                      0.186089    0.000258    1.341678 ^ _067_/A (sky130_fd_sc_hd__nor2_1)
     1    0.002339    0.047236    0.068461    1.410139 v _067_/Y (sky130_fd_sc_hd__nor2_1)
                                                         _007_ (net)
                      0.047236    0.000066    1.410205 v _097_/D (sky130_fd_sc_hd__dfxtp_1)
                                              1.410205   data arrival time

                                 25.000000   25.000000   clock clk (rise edge)
                                  0.000000   25.000000   clock source latency
     2    0.047111    0.000000    0.000000   25.000000 ^ clk (in)
                                                         clk (net)
                      0.013743    0.006871   25.006870 ^ clkbuf_0_clk/A (sky130_fd_sc_hd__clkbuf_16)
     2    0.022704    0.044198    0.116767   25.123638 ^ clkbuf_0_clk/X (sky130_fd_sc_hd__clkbuf_16)
                                                         clknet_0_clk (net)
                      0.044203    0.000473   25.124109 ^ clkbuf_1_0__f_clk/A (sky130_fd_sc_hd__clkbuf_16)
     8    0.026386    0.047602    0.130880   25.254990 ^ clkbuf_1_0__f_clk/X (sky130_fd_sc_hd__clkbuf_16)
                                                         clknet_1_0__leaf_clk (net)
                      0.047610    0.000652   25.255642 ^ _097_/CLK (sky130_fd_sc_hd__dfxtp_1)
                                 -0.250000   25.005642   clock uncertainty
                                  0.000000   25.005642   clock reconvergence pessimism
                                 -0.110902   24.894741   library setup time
                                             24.894741   data required time
---------------------------------------------------------------------------------------------
                                             24.894741   data required time
                                             -1.410205   data arrival time
---------------------------------------------------------------------------------------------
                                             23.484535   slack (MET)


Startpoint: _091_ (rising edge-triggered flip-flop clocked by clk)
Endpoint: _095_ (rising edge-triggered flip-flop clocked by clk)
Path Group: clk
Path Type: max

Fanout         Cap        Slew       Delay        Time   Description
---------------------------------------------------------------------------------------------
                                  0.000000    0.000000   clock clk (rise edge)
                                  0.000000    0.000000   clock source latency
     2    0.047111    0.000000    0.000000    0.000000 ^ clk (in)
                                                         clk (net)
                      0.013743    0.006872    0.006872 ^ clkbuf_0_clk/A (sky130_fd_sc_hd__clkbuf_16)
     2    0.022704    0.044198    0.116766    0.123637 ^ clkbuf_0_clk/X (sky130_fd_sc_hd__clkbuf_16)
                                                         clknet_0_clk (net)
                      0.044203    0.000473    0.124110 ^ clkbuf_1_0__f_clk/A (sky130_fd_sc_hd__clkbuf_16)
     8    0.026386    0.047602    0.130881    0.254991 ^ clkbuf_1_0__f_clk/X (sky130_fd_sc_hd__clkbuf_16)
                                                         clknet_1_0__leaf_clk (net)
                      0.047651    0.001323    0.256314 ^ _091_/CLK (sky130_fd_sc_hd__dfxtp_1)
     7    0.022677    0.216910    0.429328    0.685642 ^ _091_/Q (sky130_fd_sc_hd__dfxtp_1)
                                                         net9 (net)
                      0.216910    0.000516    0.686158 ^ _054_/B (sky130_fd_sc_hd__and4_2)
     7    0.023513    0.146305    0.342525    1.028683 ^ _054_/X (sky130_fd_sc_hd__and4_2)
                                                         _022_ (net)
                      0.146306    0.000779    1.029463 ^ _060_/A (sky130_fd_sc_hd__and2_1)
     2    0.004389    0.060300    0.153098    1.182561 ^ _060_/X (sky130_fd_sc_hd__and2_1)
                                                         _026_ (net)
                      0.060300    0.000108    1.182668 ^ _061_/A_N (sky130_fd_sc_hd__and3b_1)
     1    0.002048    0.033390    0.165487    1.348155 v _061_/X (sky130_fd_sc_hd__and3b_1)
                                                         _005_ (net)
                      0.033390    0.000057    1.348212 v _095_/D (sky130_fd_sc_hd__dfxtp_1)
                                              1.348212   data arrival time

                                 25.000000   25.000000   clock clk (rise edge)
                                  0.000000   25.000000   clock source latency
     2    0.047111    0.000000    0.000000   25.000000 ^ clk (in)
                                                         clk (net)
                      0.013743    0.006871   25.006870 ^ clkbuf_0_clk/A (sky130_fd_sc_hd__clkbuf_16)
     2    0.022704    0.044198    0.116767   25.123638 ^ clkbuf_0_clk/X (sky130_fd_sc_hd__clkbuf_16)
                                                         clknet_0_clk (net)
                      0.044203    0.000473   25.124109 ^ clkbuf_1_0__f_clk/A (sky130_fd_sc_hd__clkbuf_16)
     8    0.026386    0.047602    0.130880   25.254990 ^ clkbuf_1_0__f_clk/X (sky130_fd_sc_hd__clkbuf_16)
                                                         clknet_1_0__leaf_clk (net)
                      0.047611    0.000677   25.255667 ^ _095_/CLK (sky130_fd_sc_hd__dfxtp_1)
                                 -0.250000   25.005667   clock uncertainty
                                  0.000000   25.005667   clock reconvergence pessimism
                                 -0.104825   24.900843   library setup time
                                             24.900843   data required time
---------------------------------------------------------------------------------------------
                                             24.900843   data required time
                                             -1.348212   data arrival time
---------------------------------------------------------------------------------------------
                                             23.552631   slack (MET)


Startpoint: _094_ (rising edge-triggered flip-flop clocked by clk)
Endpoint: _094_ (rising edge-triggered flip-flop clocked by clk)
Path Group: clk
Path Type: max

Fanout         Cap        Slew       Delay        Time   Description
---------------------------------------------------------------------------------------------
                                  0.000000    0.000000   clock clk (rise edge)
                                  0.000000    0.000000   clock source latency
     2    0.047111    0.000000    0.000000    0.000000 ^ clk (in)
                                                         clk (net)
                      0.013743    0.006872    0.006872 ^ clkbuf_0_clk/A (sky130_fd_sc_hd__clkbuf_16)
     2    0.022704    0.044198    0.116766    0.123637 ^ clkbuf_0_clk/X (sky130_fd_sc_hd__clkbuf_16)
                                                         clknet_0_clk (net)
                      0.044203    0.000473    0.124110 ^ clkbuf_1_0__f_clk/A (sky130_fd_sc_hd__clkbuf_16)
     8    0.026386    0.047602    0.130881    0.254991 ^ clkbuf_1_0__f_clk/X (sky130_fd_sc_hd__clkbuf_16)
                                                         clknet_1_0__leaf_clk (net)
                      0.047628    0.001004    0.255996 ^ _094_/CLK (sky130_fd_sc_hd__dfxtp_1)
     5    0.014745    0.076273    0.337555    0.593551 v _094_/Q (sky130_fd_sc_hd__dfxtp_1)
                                                         net12 (net)
                      0.076273    0.000162    0.593713 v hold11/A (sky130_fd_sc_hd__dlygate4sd3_1)
     1    0.002861    0.053349    0.562408    1.156121 v hold11/X (sky130_fd_sc_hd__dlygate4sd3_1)
                                                         net44 (net)
                      0.053349    0.000084    1.156206 v _057_/A1 (sky130_fd_sc_hd__o21a_1)
     1    0.002176    0.031852    0.177642    1.333848 v _057_/X (sky130_fd_sc_hd__o21a_1)
                                                         _004_ (net)
                      0.031852    0.000062    1.333910 v _094_/D (sky130_fd_sc_hd__dfxtp_1)
                                              1.333910   data arrival time

                                 25.000000   25.000000   clock clk (rise edge)
                                  0.000000   25.000000   clock source latency
     2    0.047111    0.000000    0.000000   25.000000 ^ clk (in)
                                                         clk (net)
                      0.013743    0.006871   25.006870 ^ clkbuf_0_clk/A (sky130_fd_sc_hd__clkbuf_16)
     2    0.022704    0.044198    0.116767   25.123638 ^ clkbuf_0_clk/X (sky130_fd_sc_hd__clkbuf_16)
                                                         clknet_0_clk (net)
                      0.044203    0.000473   25.124109 ^ clkbuf_1_0__f_clk/A (sky130_fd_sc_hd__clkbuf_16)
     8    0.026386    0.047602    0.130880   25.254990 ^ clkbuf_1_0__f_clk/X (sky130_fd_sc_hd__clkbuf_16)
                                                         clknet_1_0__leaf_clk (net)
                      0.047628    0.001005   25.255995 ^ _094_/CLK (sky130_fd_sc_hd__dfxtp_1)
                                 -0.250000   25.005997   clock uncertainty
                                  0.000000   25.005997   clock reconvergence pessimism
                                 -0.104146   24.901850   library setup time
                                             24.901850   data required time
---------------------------------------------------------------------------------------------
                                             24.901850   data required time
                                             -1.333910   data arrival time
---------------------------------------------------------------------------------------------
                                             23.567942   slack (MET)


Startpoint: _090_ (rising edge-triggered flip-flop clocked by clk)
Endpoint: _090_ (rising edge-triggered flip-flop clocked by clk)
Path Group: clk
Path Type: max

Fanout         Cap        Slew       Delay        Time   Description
---------------------------------------------------------------------------------------------
                                  0.000000    0.000000   clock clk (rise edge)
                                  0.000000    0.000000   clock source latency
     2    0.047111    0.000000    0.000000    0.000000 ^ clk (in)
                                                         clk (net)
                      0.013743    0.006872    0.006872 ^ clkbuf_0_clk/A (sky130_fd_sc_hd__clkbuf_16)
     2    0.022704    0.044198    0.116766    0.123637 ^ clkbuf_0_clk/X (sky130_fd_sc_hd__clkbuf_16)
                                                         clknet_0_clk (net)
                      0.044203    0.000473    0.124110 ^ clkbuf_1_0__f_clk/A (sky130_fd_sc_hd__clkbuf_16)
     8    0.026386    0.047602    0.130881    0.254991 ^ clkbuf_1_0__f_clk/X (sky130_fd_sc_hd__clkbuf_16)
                                                         clknet_1_0__leaf_clk (net)
                      0.047642    0.001210    0.256201 ^ _090_/CLK (sky130_fd_sc_hd__dfxtp_2)
     7    0.024717    0.131033    0.383926    0.640127 ^ _090_/Q (sky130_fd_sc_hd__dfxtp_2)
                                                         net2 (net)
                      0.131033    0.000524    0.640651 ^ hold1/A (sky130_fd_sc_hd__dlygate4sd3_1)
     2    0.010468    0.120025    0.617788    1.258439 ^ hold1/X (sky130_fd_sc_hd__dlygate4sd3_1)
                                                         net34 (net)
                      0.120025    0.000127    1.258565 ^ _047_/A (sky130_fd_sc_hd__nor2_1)
     1    0.002279    0.041161    0.058620    1.317185 v _047_/Y (sky130_fd_sc_hd__nor2_1)
                                                         _000_ (net)
                      0.041161    0.000065    1.317251 v _090_/D (sky130_fd_sc_hd__dfxtp_2)
                                              1.317251   data arrival time

                                 25.000000   25.000000   clock clk (rise edge)
                                  0.000000   25.000000   clock source latency
     2    0.047111    0.000000    0.000000   25.000000 ^ clk (in)
                                                         clk (net)
                      0.013743    0.006871   25.006870 ^ clkbuf_0_clk/A (sky130_fd_sc_hd__clkbuf_16)
     2    0.022704    0.044198    0.116767   25.123638 ^ clkbuf_0_clk/X (sky130_fd_sc_hd__clkbuf_16)
                                                         clknet_0_clk (net)
                      0.044203    0.000473   25.124109 ^ clkbuf_1_0__f_clk/A (sky130_fd_sc_hd__clkbuf_16)
     8    0.026386    0.047602    0.130880   25.254990 ^ clkbuf_1_0__f_clk/X (sky130_fd_sc_hd__clkbuf_16)
                                                         clknet_1_0__leaf_clk (net)
                      0.047642    0.001211   25.256201 ^ _090_/CLK (sky130_fd_sc_hd__dfxtp_2)
                                 -0.250000   25.006203   clock uncertainty
                                  0.000000   25.006203   clock reconvergence pessimism
                                 -0.110592   24.895609   library setup time
                                             24.895609   data required time
---------------------------------------------------------------------------------------------
                                             24.895609   data required time
                                             -1.317251   data arrival time
---------------------------------------------------------------------------------------------
                                             23.578360   slack (MET)


Startpoint: _091_ (rising edge-triggered flip-flop clocked by clk)
Endpoint: _093_ (rising edge-triggered flip-flop clocked by clk)
Path Group: clk
Path Type: max

Fanout         Cap        Slew       Delay        Time   Description
---------------------------------------------------------------------------------------------
                                  0.000000    0.000000   clock clk (rise edge)
                                  0.000000    0.000000   clock source latency
     2    0.047111    0.000000    0.000000    0.000000 ^ clk (in)
                                                         clk (net)
                      0.013743    0.006872    0.006872 ^ clkbuf_0_clk/A (sky130_fd_sc_hd__clkbuf_16)
     2    0.022704    0.044198    0.116766    0.123637 ^ clkbuf_0_clk/X (sky130_fd_sc_hd__clkbuf_16)
                                                         clknet_0_clk (net)
                      0.044203    0.000473    0.124110 ^ clkbuf_1_0__f_clk/A (sky130_fd_sc_hd__clkbuf_16)
     8    0.026386    0.047602    0.130881    0.254991 ^ clkbuf_1_0__f_clk/X (sky130_fd_sc_hd__clkbuf_16)
                                                         clknet_1_0__leaf_clk (net)
                      0.047651    0.001323    0.256314 ^ _091_/CLK (sky130_fd_sc_hd__dfxtp_1)
     7    0.022677    0.216910    0.429328    0.685642 ^ _091_/Q (sky130_fd_sc_hd__dfxtp_1)
                                                         net9 (net)
                      0.216910    0.000516    0.686158 ^ _054_/B (sky130_fd_sc_hd__and4_2)
     7    0.023513    0.146305    0.342525    1.028683 ^ _054_/X (sky130_fd_sc_hd__and4_2)
                                                         _022_ (net)
                      0.146305    0.000338    1.029021 ^ _055_/A_N (sky130_fd_sc_hd__and3b_1)
     1    0.002687    0.036178    0.191262    1.220283 v _055_/X (sky130_fd_sc_hd__and3b_1)
                                                         _003_ (net)
                      0.036178    0.000081    1.220364 v _093_/D (sky130_fd_sc_hd__dfxtp_1)
                                              1.220364   data arrival time

                                 25.000000   25.000000   clock clk (rise edge)
                                  0.000000   25.000000   clock source latency
     2    0.047111    0.000000    0.000000   25.000000 ^ clk (in)
                                                         clk (net)
                      0.013743    0.006871   25.006870 ^ clkbuf_0_clk/A (sky130_fd_sc_hd__clkbuf_16)
     2    0.022704    0.044198    0.116767   25.123638 ^ clkbuf_0_clk/X (sky130_fd_sc_hd__clkbuf_16)
                                                         clknet_0_clk (net)
                      0.044203    0.000473   25.124109 ^ clkbuf_1_0__f_clk/A (sky130_fd_sc_hd__clkbuf_16)
     8    0.026386    0.047602    0.130880   25.254990 ^ clkbuf_1_0__f_clk/X (sky130_fd_sc_hd__clkbuf_16)
                                                         clknet_1_0__leaf_clk (net)
                      0.047632    0.001068   25.256058 ^ _093_/CLK (sky130_fd_sc_hd__dfxtp_1)
                                 -0.250000   25.006058   clock uncertainty
                                  0.000000   25.006058   clock reconvergence pessimism
                                 -0.106043   24.900015   library setup time
                                             24.900015   data required time
---------------------------------------------------------------------------------------------
                                             24.900015   data required time
                                             -1.220364   data arrival time
---------------------------------------------------------------------------------------------
                                             23.679651   slack (MET)



